{
    "epoch": 10.0,
    "predict_bleu-4": 88.20794588086186,
    "predict_rouge-1": 96.52415741444868,
    "predict_rouge-2": 89.69819835234473,
    "predict_rouge-l": 94.81159581749048,
    "predict_runtime": 191.8177,
    "predict_samples": 789,
    "predict_samples_per_second": 4.113,
    "predict_steps_per_second": 1.032,
    "train_loss": 0.05496808539289947,
    "train_runtime": 27703.4037,
    "train_samples": 6975,
    "train_samples_per_second": 2.518,
    "train_steps_per_second": 0.079
}